INSERT INTO users
  (id, date_created, date_modified, age, email, first_name, gender, last_name, password, photo, token, token_expiration_date)
VALUES
  (1, '2019-03-12 12:00:00', '2019-03-12 12:01:00', 24, 'first.user@test.com', 'Elon', 0, 'Musk', '$2a$10$LsVsLTHNDaJDu8dDbkGEk.4qDE8zIuiqvQ1Kvo99ET.gd.rqUQZjW', 'empty', '12b0e9eb-ad60-44ec-81d1-a759313856ce', '2100-01-01 00:00:00'),
  (2, '2019-03-13 13:00:00', '2019-03-13 13:01:00', 25, 'stanislav.kosinski@outlook.com', 'Mark', 0, 'Zuckerberg', 'secret_pass2', 'empty', 'ddcc2361-ce4f-47bc-bf5e-fc39ca73d0e0', '2019-03-19 00:00:00'),
  (3, '2019-03-13 13:00:00', '2019-03-13 13:01:00', 25, 'stanislav.kosinski@gmail.com', 'Mark', 0, 'Zuckerberg', 'secret_pass2', 'empty', null , '2019-03-19 00:00:00' ),
  (4, '2019-03-13 13:00:00', '2019-03-13 13:01:00', 25, 'stanislav4.kosinski@outlook.com', 'Mark', 0, 'Zuckerberg', 'secret_pass2', 'empty', null , '2019-03-19 00:00:00' ),
  (5, '2019-03-13 13:00:00', '2019-03-13 13:01:00', 25, 'stanislav5.kosinski@outlook.com', 'Mark', 0, 'Zuckerberg', 'secret_pass2', 'empty', null , '2019-03-19 00:00:00' ),
  (6, '2019-03-13 13:00:00', '2019-03-13 13:01:00', 25, 'stanislav6.kosinski@outlook.com', 'Mark', 0, 'Zuckerberg', 'secret_pass2', 'empty', null , '2019-03-19 00:00:00' ),
  (7, '2019-03-13 13:00:00', '2019-03-13 13:01:00', 25, 'stanislav17.kosinski@outlook.com', 'Mark', 0, 'Zuckerberg', 'secret_pass2', 'empty', null , '2019-03-19 00:00:00' ),
  (8, '2019-03-13 13:00:00', '2019-03-13 13:01:00', 25, 'stanislav18.kosinski@outlook.com', 'Mark', 0, 'Zuckerberg', 'secret_pass2', 'empty', null , '2019-03-19 00:00:00' ),
  (9, '2019-03-13 13:00:00', '2019-03-13 13:01:00', 25, 'stanislav19.kosinski@outlook.com', 'Mark', 0, 'Zuckerberg', 'secret_pass2', 'empty', null , '2019-03-19 00:00:00' ),
  (10, '2019-03-13 13:00:00', '2019-03-13 13:01:00', 25, 'stanislav10.kosinski@outlook.com', 'Mark', 0, 'Zuckerberg','secret_pass2', 'empty', null , '2019-03-19 00:00:00' ),
  (11, '2019-03-13 13:00:00', '2019-03-13 13:01:00', 25, 'stanislav11.kosinski@outlook.com', 'Mark', 0, 'Zuckerberg','secret_pass2', 'empty', null , '2019-03-19 00:00:00' ),
  (12, '2019-03-13 13:00:00', '2019-03-13 13:01:00', 25, 'stanislav12.kosinski@outlook.com', 'Mark', 0, 'Zuckerberg', 'secret_pass2', 'empty', null , '2019-03-19 00:00:00' ),
  (13, '2019-03-13 13:00:00', '2019-03-13 13:01:00', 25, 'stanislav13.kosinski@outlook.com', 'Mark', 0, 'Zuckerberg', 'secret_pass2', 'empty', null , '2019-03-19 00:00:00' ),
  (143, '2019-03-13 13:00:00', '2019-03-13 13:01:00', 25, 'stanislav14.kosinski@outlook.com', 'Mark', 0, 'Zuckerberg', 'secret_pass2', 'empty', null , '2019-03-19 00:00:00' ),
  (153, '2019-03-13 13:00:00', '2019-03-13 13:01:00', 25, 'stanislav15.kosinski@outlook.com', 'Mark', 0, 'Zuckerberg', 'secret_pass2', 'empty', null , '2019-03-19 00:00:00' ),
  (163, '2019-03-13 13:00:00', '2019-03-13 13:01:00', 25, 'stanislav16.kosinski@outlook.com', 'Mark', 0, 'Zuckerberg', 'secret_pass2', 'empty', null , '2019-03-19 00:00:00' ),
  (173, '2019-03-13 13:00:00', '2019-03-13 13:01:00', 25, 'stanislav17.kosinski@outlook.com', 'Mark', 0, 'Zuckerberg', 'secret_pass2', 'empty', null , '2019-03-19 00:00:00' ),
  (183, '2019-03-13 13:00:00', '2019-03-13 13:01:00', 25, 'stanislav18.kosinski@outlook.com', 'Mark', 0, 'Zuckerberg', 'secret_pass2', 'empty', null , '2019-03-19 00:00:00' ),
  (193, '2019-03-13 13:00:00', '2019-03-13 13:01:00', 25, 'stanislav19.kosinski@outlook.com', 'Mark', 0, 'Zuckerberg', 'secret_pass2', 'empty', null , '2019-03-19 00:00:00' ),
  (23, '2019-03-13 13:00:00', '2019-03-13 13:01:00', 25, 'stanislav20.kosinski@outlook.com', 'Mark', 0, 'Zuckerberg', 'secret_pass2', 'empty', null , '2019-03-19 00:00:00' ),
  (213, '2019-03-13 13:00:00', '2019-03-13 13:01:00', 25, 'stanislav21.kosinski@outlook.com', 'Mark', 0, 'Zuckerberg', 'secret_pass2', 'empty', null , '2019-03-19 00:00:00' ),
  (223, '2019-03-13 13:00:00', '2019-03-13 13:01:00', 25, 'stanislav122.kosinski@outlook.com', 'Mark', 0, 'Zuckerberg', 'secret_pass2', 'empty', null , '2019-03-19 00:00:00' ),
  (233, '2019-03-13 13:00:00', '2019-03-13 13:01:00', 25, 'stanislav123.kosinski@outlook.com', 'Mark', 0, 'Zuckerberg', 'secret_pass2', 'empty', null , '2019-03-19 00:00:00' ),
  (243, '2019-03-13 13:00:00', '2019-03-13 13:01:00', 25, 'stanislav124.kosinski@outlook.com', 'Mark', 0, 'Zuckerberg', 'secret_pass2', 'empty', null , '2019-03-19 00:00:00' ),
  (253, '2019-03-13 13:00:00', '2019-03-13 13:01:00', 25, 'stanislav125.kosinski@outlook.com', 'Mark', 0, 'Zuckerberg', 'secret_pass2', 'empty', null , '2019-03-19 00:00:00' ),
  (263, '2019-03-13 13:00:00', '2019-03-13 13:01:00', 25, 'stanislav126.kosinski@outlook.com', 'Mark', 0, 'Zuckerberg', 'secret_pass2', 'empty', null , '2019-03-19 00:00:00' ),
  (273, '2019-03-13 13:00:00', '2019-03-13 13:01:00', 25, 'stanislav127.kosinski@outlook.com', 'Mark', 0, 'Zuckerberg', 'secret_pass2', 'empty', null , '2019-03-19 00:00:00' ),
  (283, '2019-03-13 13:00:00', '2019-03-13 13:01:00', 25, 'stanislav128.kosinski@outlook.com', 'Mark', 0, 'Zuckerberg', 'secret_pass2', 'empty', null , '2019-03-19 00:00:00' ),
  (293, '2019-03-13 13:00:00', '2019-03-13 13:01:00', 25, 'stanislav129.kosinski@outlook.com', 'Mark', 0, 'Zuckerberg', 'secret_pass2', 'empty', null , '2019-03-19 00:00:00' ),
  (30, '2019-03-13 13:00:00', '2019-03-13 13:01:00', 25, 'stanislav30.kosinski@outlook.com', 'Mark', 0, 'Zuckerberg', 'secret_pass2', 'empty', null , '2019-03-19 00:00:00' ),
  (31, '2019-03-13 13:00:00', '2019-03-13 13:01:00', 25, 'stanislav31.kosinski@outlook.com', 'Mark', 0, 'Zuckerberg', 'secret_pass2', 'empty', null , '2019-03-19 00:00:00' ),
  (32, '2019-03-13 13:00:00', '2019-03-13 13:01:00', 25, 'stanislav32.kosinski@outlook.com', 'Mark', 0, 'Zuckerberg', 'secret_pass2', 'empty', null , '2019-03-19 00:00:00' );

INSERT INTO roles
  (id, date_created, date_modified, name)
VALUES
  (1, '2019-03-12 14:00:00', '2019-03-13 14:01:00', 'admin'),
  (2, '2019-03-13 15:00:00', '2019-03-13 15:01:00', 'super-admin');

INSERT INTO users_roles
  (user_id, role_id)
VALUES
  (1, 1),
  (2, 1),
  (2, 2),
  (3, 1);

INSERT INTO role_permissions
  (role_id, permission_id)
VALUES
  (1, 0),
  (1, 1),
  (1, 2),
  (1, 4),
  (1, 3),
  (1, 5),
  (1, 6),
  (1, 7),
  (1, 8),
  (2, 0),
  (2, 1),
  (2, 2),
  (2, 3),
  (2, 5),
  (2, 6),
  (2, 7),
  (2, 8),
  (2, 4);

-- menu items

INSERT INTO menu_items
  (id, date_created, date_modified, name, display_name)
VALUES
  (1, '2019-03-21 01:15:00', '2019-03-21 02:55:50', 'SHOP', 'The Bazar'),
  (2, '2019-03-22 06:25:00', '2019-03-22 07:05:02', 'FOOD', 'Healthy food zone');

-- place

INSERT INTO places_categories
  (id, date_created, date_modified, name, multisync)
VALUES
  (1, '2019-09-16 12:13:00', '2019-09-16 12:13:00', 'place-category-1', 1),
  (2, '2019-09-16 12:13:00', '2019-09-16 12:13:00', 'place-category-2', 0 );

INSERT INTO places
  (id, date_created, date_modified, title, description, address, place_category)
VALUES
  (1, '2019-09-16 12:13:00', '2019-09-16 12:13:00', 'place-1', 'description-1', 'address-1', 1 ),
  (2, '2019-09-16 12:13:00', '2019-09-16 12:13:00', 'place-2', 'description-2', 'address-2', 2 );

INSERT INTO places_photos
  (id, date_created, date_modified, image_key, place_id)
VALUES
  (1, '2019-09-16 12:13:00', '2019-09-16 12:13:00', 'imageKey-1', 1),
  (2, '2019-09-16 12:13:00', '2019-09-16 12:13:00', 'imageKey-2', 1),
  (3, '2019-09-16 12:13:00', '2019-09-16 12:13:00', 'imageKey-3', 2),
  (4, '2019-09-16 12:13:00', '2019-09-16 12:13:00', 'imageKey-4', 2);

INSERT INTO placecategories_menuitems
  (place_category_id, menu_item_id)
VALUES
  (1,1),
  (2,1),
  (2,2);

-- businesses

INSERT INTO business_categories
  (id, date_created, date_modified, name, parent_category_id, image_key)
VALUES
  (1, '2019-09-16 12:13:00', '2019-09-16 12:13:00', 'business-category-1', null, 'imageKey' ),
  (2, '2019-09-16 12:13:00', '2019-09-16 12:13:00', 'business-category-2', 1, null ),
  (3, '2019-09-16 12:13:00', '2019-09-16 12:13:00', 'business-category-3', null, null );

INSERT INTO businesses
  (id, date_created, date_modified, title, description, address, web_site, phone_number, place_id,  )
VALUES
  (1, '2019-09-16 12:13:00', '2019-09-16 12:13:00', 'Cupcake', 'description-1', 'Lva Tolstogo str, 56', 'site1.com.ua',
  '067-123-12-46', 1 ),
  (2, '2019-09-16 12:13:00', '2019-09-16 12:13:00', 'Music', 'description-2', 'Lva Tolstogo str, 55', 'site2.com.ua',
  '067-123-12-40', 2 ),
  (4, '2019-09-16 12:13:00', '2019-09-16 12:13:00', 'Sport', 'description-2', 'address2', 'site2.com.ua',
  '067-123-12-40', 1 ),
  (5, '2019-09-16 12:13:00', '2019-09-16 12:13:00', 'business-2', 'description-2', 'address2', 'site2.com.ua',
  '067-123-12-40', 1 ),
  (6, '2019-09-16 12:13:00', '2019-09-16 12:13:00', 'business-2', 'description-2', 'address2', 'site2.com.ua',
  '067-123-12-40', 1 ),
  (7, '2019-09-16 12:13:00', '2019-09-16 12:13:00', 'business-2', 'description-2', 'address2', 'site2.com.ua',
  '067-123-12-40', 1 ),
  (8, '2019-09-16 12:13:00', '2019-09-16 12:13:00', 'business-2', 'description-2', 'address2', 'site2.com.ua',
  '067-123-12-40', 2 ),
  (9, '2019-09-16 12:13:00', '2019-09-16 12:13:00', 'business-2', 'description-2', 'address2', 'site2.com.ua',
  '067-123-12-40', 2 ),
  (10, '2019-09-16 12:13:00', '2019-09-16 12:13:00', 'business-2', 'description-2', 'address2', 'site2.com.ua',
  '067-123-12-40', 2 ),
  (12, '2019-09-16 12:13:00', '2019-09-16 12:13:00', 'business-2', 'description-2', 'address2', 'site2.com.ua',
  '067-123-12-40', 2 ),
  (22, '2019-09-16 12:13:00', '2019-09-16 12:13:00', 'business-2', 'description-2', 'address2', 'site2.com.ua',
  '067-123-12-40', 2 ),
  (23, '2019-09-16 12:13:00', '2019-09-16 12:13:00', 'business-2', 'description-2', 'address2', 'site2.com.ua',
  '067-123-12-40', 2 ),
  (3, '2019-09-16 12:13:00', '2019-09-16 12:13:00', 'business-3', 'description-3', 'address3', 'site3.com.ua', '067-123-12-49', 1 );

INSERT INTO business_photos
  (id, date_created, date_modified, image_key, business_id)
VALUES
  (1, '2019-09-16 12:13:00', '2019-09-16 12:13:00', 'imageKey-1', 1 ),
  (2, '2019-09-16 12:13:00', '2019-09-16 12:13:00', 'imageKey-2', 1 ),
  (3, '2019-09-16 12:13:00', '2019-09-16 12:13:00', 'imageKey-3', 2 ),
  (4, '2019-09-16 12:13:00', '2019-09-16 12:13:00', 'imageKey-4', 2 );

INSERT INTO businesses_categories
  (business_id, category_id)
VALUES
  (1, 1),
  (4, 1),
  (5, 2),
  (6, 2),
  (2, 1),
  (2, 2),
  (7, 2),
  (8, 2),
  (9, 2);

-- events

INSERT INTO event_categories
  (id, date_created, date_modified, name, parent_category_id, image_key)
VALUES
  (1, '2019-09-16 12:13:00', '2019-09-16 12:13:00', 'event-category-1', null, 'imageKey' ),
  (2, '2019-09-16 12:13:00', '2019-09-16 12:13:00', 'event-category-2', 1, null );

INSERT INTO events
  (id, date_created, date_modified, title, description, business_id, place_id, address )
VALUES
  (1, '2019-09-16 12:13:00', '2019-09-16 12:13:00', 'Event-1', 'description-1', 1, 1, 'Address, 36' ),
  (3, '2019-09-16 12:13:00', '2019-09-16 12:13:00', 'Event-2', 'description-1', 1, 1, 'Address, 22' ),
  (2, '2019-09-16 12:13:00', '2019-09-16 12:13:00', 'event-2', 'description-2', 2, 2, 'address2' );

INSERT INTO event_photos
  (id, date_created, date_modified, photo, event_id)
VALUES
  (1, '2019-09-16 12:13:00', '2019-09-16 12:13:00', 'imageKey-1', 1 ),
  (2, '2019-09-16 12:13:00', '2019-09-16 12:13:00', 'imageKey-2', 1 ),
  (3, '2019-09-16 12:13:00', '2019-09-16 12:13:00', 'imageKey-3', 2 ),
  (4, '2019-09-16 12:13:00', '2019-09-16 12:13:00', 'imageKey-4', 2 );
INSERT INTO events_categories
  (event_id, category_id)
VALUES
  (1, 1),
  (2, 1),
  (2, 2);

-- notifications

INSERT INTO notifications
  (id, date_created, date_modified, text, place_id, business_id, event_id )
VALUES
  (1, '2019-09-16 12:13:00', '2019-09-16 12:13:00', 'text-1', 1, 1, 1 ),
  (2, '2019-09-16 12:13:00', '2019-09-16 12:13:00', 'text-2', 2, 2, 2 );

-- chat

INSERT INTO chats
  (id, date_created, date_modified, name )
VALUES
  (1, '2019-09-16 12:13:00', '2019-09-16 12:13:00', 'chat-1'),
  (2, '2019-09-16 12:13:00', '2019-09-16 12:13:00', 'chat-2');

INSERT INTO chat_messages
  (id, date_created, date_modified, message, user_id, chat_id )
VALUES
  (1, '2019-09-16 12:13:00', '2019-09-16 12:13:00', 'message-1', 1, 1),
  (2, '2019-09-16 12:13:00', '2019-09-16 12:13:00', 'message-2', 2, 1),
  (3, '2019-09-16 12:13:00', '2019-09-16 12:13:00', 'message-3', 1, 2),
  (4, '2019-09-16 12:13:00', '2019-09-16 12:13:00', 'message-4', 2, 2);

INSERT INTO visits
  (id, date_created, date_modified, user_id, place_id)
VALUES
  (1, '2019-09-16 12:13:00', '2019-09-16 12:13:00', 1, 2 ),
  (2, '2019-09-16 12:13:00', '2019-09-16 12:13:00', 2, 1 );

INSERT INTO visits_actions
  (id, date_created, date_modified, visit_id)
VALUES
  (1, '2019-09-16 12:13:00', '2019-09-16 12:13:00', 1),
  (2, '2019-09-16 12:13:00', '2019-09-16 12:13:00', 2 );
